{
    "0": {
        "precision": 0.9941245593419507,
        "recall": 1.0,
        "f1-score": 0.9970536240424278,
        "support": 1692.0
    },
    "1": {
        "precision": 1.0,
        "recall": 0.9757281553398058,
        "f1-score": 0.9877149877149877,
        "support": 412.0
    },
    "accuracy": 0.9952471482889734,
    "macro avg": {
        "precision": 0.9970622796709754,
        "recall": 0.9878640776699029,
        "f1-score": 0.9923843058787077,
        "support": 2104.0
    },
    "weighted avg": {
        "precision": 0.9952750733871579,
        "recall": 0.9952471482889734,
        "f1-score": 0.9952249557121496,
        "support": 2104.0
    }
}