{"prob_threshold": 0.05, "safe_range": {"temp": {"min": 43.927643520086306, "max": 54.78776351}, "humid": {"min": 25.31052988, "max": 36.4796965971321}, "press": {"min": 65.10083991666667, "max": 82.70770733}}, "n_safe_points": 647}